"","HG1","HG10","HG4","HG5","HG6","HG7","HG8","HG9","MG1","MG10","MG2","MG3","MG4","MG5","MG6","MG7","MG8","MG9","HR1","HR10","HR2","HR3","HR4","HR5","HR6","HR7","HR8","HR9","MR1","MR10","MR2","MR3","MR4","MR5","MR6","MR7","MR8","MR9","PC1","PC2","PC3","pc1.change","pc2.change"
"271.4/2119",408.435628638661,1041.68835321732,8689.39406530163,8140.72838563984,4110.82452970594,1659.14776194486,139.008178718039,537.758473910624,24.8311487545862,52.1165106717278,49.6622975091724,24.8311487545862,24.8311487545862,24.8311487545862,24.8311487545862,127.108749530744,54.5624043446733,73.3106821794063,1272.58519430955,5223451.16591463,4179695.04831149,2530.02362022382,1688.75168188749,6475998.28860295,681693.493340492,2020031.82008407,3963487.94789427,2779835.99539321,2945401.48297817,215435.939210715,1664.9267128706,2854448.51036534,3302.86860716343,5316.89232923178,7944.32408047219,24.8311487545862,317.709327587858,24.8311487545862,-0.0967713246531734,-0.1113933511093,-0.049931879761792,"DOWN","DOWN"
"186.5/1629",138875.508905403,61.1925471398281,7521.61279057007,17963.9674877593,102.306168615702,65612.1624197945,58633.4677866196,2942.28701816488,30.5962735699141,30.5962735699141,30.5962735699141,30.5962735699141,30.5962735699141,30.5962735699141,65.808775975588,170.870947421208,30.5962735699141,30.5962735699141,9094.09308056165,330.288604415662,4405.55398396992,50868.1265203095,41836.3859060997,24934.237746174,6980.81511930807,450.357823992963,1574.1537697505,72495.8018708285,30.5962735699141,30.5962735699141,30.5962735699141,30.5962735699141,124.867589760514,30.5962735699141,70.2652637919527,30.5962735699141,30.5962735699141,30.5962735699141,-0.126134908798122,0.00707905281459576,0.0558591573554463,"DOWN","none"
"393.6/1300",6371.44457091307,1362.40209483591,7591.36404703815,12111.544808828,4223.58466491505,4014.67922735948,2629.52157042833,530.678436652922,393.226209224726,184.305331098469,151.835057555698,78.7855474985554,845.326846706517,298.057408741401,176.573159181804,154.599999867215,164.801080735976,199.277379425863,37350.032734897,27652.6942110959,27347.137797993,20956.6687519986,22894.8338125819,26545.3185103096,22835.7363238472,11506.6206690018,13600.990150946,22227.1971524556,255.555009306135,6286.50406093687,263.139961884532,886.09715777071,84.9218898065961,39.3927737492777,120.909103821963,866.858664230389,368.896862382244,1915.48839363846,-0.117006534382474,-0.0289387354672791,0.0156976962194563,"DOWN","none"
"497.4/1714",120214.56912943,106539.302472373,50880.220117002,54352.0165406739,85442.2201810772,108839.017839727,118027.902539076,71737.8680564091,34.3209736449233,34.3209736449233,2642.11808551219,34.3209736449233,34.3209736449233,34.3209736449233,34.3209736449233,34.3209736449233,34.3209736449233,68.6419472898466,598.312606096268,27801.5781877836,749.687421167051,327.081695392076,421.474598586559,15723.7793703994,2228.89028783465,60906.5341303957,25047.8330201595,25426.6852140455,34.3209736449233,9013.87139069743,34.3209736449233,8924.63011765538,34.3209736449233,442.706465739538,34.3209736449233,34.3209736449233,34.3209736449233,687.930793802966,-0.118566204655102,0.0314888076894881,-0.115069243099742,"DOWN","none"
"529.8/992",2395.30108705049,19907.8345959705,124040.843357234,59646.2488410902,54816.2454639775,25070.634795178,18448.7664641325,14209.3950711046,2136.61254156957,1086.23321061424,1670.47246044436,1553.60013976878,946.352054108762,1274.84742358861,1448.30930158951,254.642507166783,716.048053268679,1351.8624128987,80891.0561697826,30936.0681778745,65295.9006406095,94813.5036929221,54525.15079426,93721.5149528799,12887.1093540506,16877.9576536031,3324.87840266821,19070.0668265642,272.120154842734,1149.23145916794,208.353154262637,150.233144404806,405.6341104929,166.328575680817,388.94769437029,2046.41504921375,744.540737635141,625.174856744296,-0.117752401480288,0.023453231371527,0.0475979942784216,"DOWN","none"
"706.9/1301",1656.86999436554,6158.31307928723,18344.9685364847,141590.11595105,30313.2719151165,20873.1980371011,3491.76472842586,673.747338496363,243.458852946185,278.071203145163,334.521736196099,343.89806532867,6990.92070243594,364.732200614105,185.408816998323,361.30369830307,59.9677590120655,2268.30613326496,18829.1206543309,28668.1479448567,37262.1405636057,53782.7457295486,31551.680495288,148068.040411461,26571.4494542514,71294.6012375603,8413.48659411818,70440.1813836925,2467.66257408647,38683.9187415935,712.30510018551,7949.52089307031,3376.38742709913,5702.67478526907,448.854648966808,5636.44449639177,4707.86439377571,22819.2183769344,-0.101973839346885,-0.0606294098405224,-0.0623981721951119,"DOWN","none"
"770.9/1285",181699.40875901,170819.738838673,477987.909286502,389900.067832724,546227.963450968,419883.303079273,147244.213828105,99680.0912223462,3440.95940303496,3853.0175947799,12937.1937571373,7070.47281991822,130825.133177298,6600.41789300574,2264.0645406542,5863.67156093861,6549.9649680362,97305.2940656554,370575.02267492,180877.689273519,210103.489102643,92188.0091133756,273100.97862834,460928.578422854,315164.362454333,191428.90684247,162074.521730405,494699.474124858,11323.9156348279,256785.822282589,21059.8205723721,106945.247842512,25695.3954657808,29545.7140329731,16134.7396849905,26779.2771164636,23911.1590676221,75290.2659060906,-0.0970803701049275,-0.0246972219905973,-0.0489949927818025,"DOWN","none"
"771.1/1285",185679.809184985,171626.001408283,493316.348320906,824179.773889134,546741.342513654,415696.054482326,148388.684677787,97787.9913060165,3440.95940303496,3853.0175947799,12502.9793364338,7070.47281991822,132179.59780311,6600.41789300574,2264.0645406542,5863.67156093861,6549.9649680362,100248.946082261,371570.631919874,176796.502131529,1043853.23243269,90208.216964101,272227.375891789,452015.836955701,311503.177940955,198690.775205195,168588.355462156,480065.114275658,10935.5429462316,255639.618692534,20573.5298767677,108093.760033642,28136.9962123163,30244.4500481539,16529.2807185258,25963.3518724115,22947.8203243553,76555.1701027353,-0.100041789403964,-0.0249704112762043,-0.0386708158919618,"DOWN","none"
"772.8/1286",14337.5057759018,14096.2224533261,21060.3431275447,22657.5461886193,19470.7026008435,21227.6804938308,12014.8045242026,8003.60427610825,493.564237107005,271.433120779072,704.490282497395,684.363226877758,10633.8959145211,525.470635666316,118.240499993424,270.345591172679,281.241963550966,9719.45876474777,23086.5785462742,14466.620688189,21314.9181706207,9122.11422328941,16586.6548260978,20481.0841635795,18450.2004775703,14285.3144961339,12769.4491124436,22588.544487964,902.965110042476,18259.3654170248,1612.33650811912,8292.18283384674,2432.12362416461,2719.9635128163,1291.89859346555,2238.88023742475,1731.1210657532,7517.19440765482,-0.0924593052231948,-0.030413339566852,-0.0512061246742672,"DOWN","none"
"806.9/1285",11463.0767477558,6848.39362860767,19760.020615263,37417.175252585,23124.3193875187,17001.7334525749,7893.00314494502,4911.60718853637,153.447714080267,76.7238570401335,509.069052933113,495.338044043849,8262.83438068527,291.00953961081,183.478142913869,387.653969878523,271.466422571855,3843.79089264046,13808.5539703699,6852.36002820092,39459.1038537264,3995.74151212952,10614.3358301487,17449.2163115172,11811.0923665226,7304.94807386084,7058.4843980564,19310.6275855951,361.901232136468,12635.8064986653,669.711067480501,4265.50741337158,1726.20495463386,1218.10976771702,870.453010420839,1181.80008217734,737.883798274626,4140.84116431524,-0.0976640849712491,-0.0203122428092909,-0.042773442172703,"DOWN","none"
"902.9/1193",74672.5715972886,19495.2296092308,76331.7172420109,245588.668168875,196242.676342207,165395.644124066,22774.0916079182,29116.2840785172,492.936677628109,1849.92547852634,2196.30578247743,1923.07729399724,27940.6910811411,1168.87678111358,824.323656667024,3575.94370918581,3563.45377066014,19977.6212146862,22380.4440410383,43447.5833465908,271777.368828047,22363.29735668,79070.9351666171,120769.301329448,50763.6436080393,32237.1076351287,28165.6794898429,111621.304455125,836.682542323652,20794.5164028005,969.256221331863,5212.54482119311,1104.01903235925,3258.08506213225,1201.44118196826,7051.26257679658,4754.09742176812,10693.7773829268,-0.10633941494725,0.00479842226883489,-0.0297926472573513,"DOWN","none"
"342.9/1232",2006.76702509179,1349.2874477955,10569.6461572764,2529.14970876786,1729.41447135744,1021.31980490584,245.642743433777,7402.49132641219,545.613682141553,2381.30136745247,3366.33595387368,2415.12213149448,2763.21851292553,740.461117773275,543.509414060041,290.170063879005,388.517785589676,513.178912403372,655.052123905315,53494.2014486143,837.242425424753,10670.0403016594,4234.88981031088,88060.4815642842,50057.1538017229,38872.889708317,40507.961392007,93429.2021675689,11367.1850309945,85297.1688685005,10675.6001397361,7577.96647871363,15877.8624743624,8401.06589536084,12070.1352176874,26540.430887937,23570.0014405626,39882.8460374848,-0.0255424575192607,-0.100075299649729,-0.0822791719375665,"none","DOWN"
"377.9/950",792.886400643517,888.542984121671,3230.32479666889,350.581071181784,503.408606973189,630.862901015222,865.812286022325,195.009599872457,153.30717403632,980.539166111732,554.142799505526,542.67877104736,648.228487289355,555.812340130667,504.306440428242,810.397732598817,763.112764334032,343.7033622388,195.598507577252,83634.6160392475,84735.7578968516,31966.2380956651,107338.095057008,47210.1845909797,45911.0583785423,11214.3498309481,21001.2851245651,15155.0541615677,4566.85110140708,7576.26651393203,26290.5658479263,9480.18845218467,12902.0494650068,11000.8183295957,6417.54887200328,11302.7665117505,13073.8545250198,2888.07880430904,-0.0400706953499311,-0.111121144244322,-0.00850322698003277,"none","DOWN"
"399.4/329",2921.76744194876,7228.50707431125,4898.34672580019,2460.87405027242,1683.62741921277,2115.90009584418,3666.13445150644,5064.35109592594,3014.4076175837,2990.1224257906,4482.25960520768,3068.94577169787,3652.7204597945,3134.39514450765,3752.90499819008,4279.85772594681,4781.23597763239,2761.45720772473,65946.1181097345,38498.7834814616,55938.4196618224,90902.1554732072,42072.0592969556,38778.4979581534,45676.145071564,35124.931054591,39688.5699393024,22499.0816650517,17247.5923139391,56972.594428606,27286.7439215047,38551.8541791149,33832.2771298067,22845.0067860427,16027.018138091,42939.6560871274,52195.7064997553,30047.6452198296,-0.0205236276635378,-0.104182591794139,0.0203269092073517,"none","DOWN"
"539.9/976",270.883356820714,301.742156231173,510.039208349279,354.543830089381,434.58355591742,508.121574315681,549.791643120732,869.241822720245,421.434559735617,311.998487271136,402.315032252343,138.317581025486,214.485475135657,639.434385054745,47.0886386827721,303.552720531588,252.182220113464,186.444200264094,29461.7390197705,18660.1505094965,108409.599936907,13391.4773270215,74321.1346751464,7778.23199406744,51514.9587537441,3827.99346194568,9036.15760228457,12228.5215489387,18698.4753548379,7731.49566595727,41058.6318547509,13084.3243287858,13144.705211324,8611.63291343741,8554.29531314908,18491.687518463,15677.0267525665,1487.17047538065,-0.0314974172944832,-0.129380851901553,0.0540717664141294,"none","DOWN"
"541/716",665.517622736392,286.137002256535,9731.69564159176,677.940098522231,601.1864412042,216.205996689413,425.405677446637,329.326548579265,698.802927746437,227.780192890068,285.488907167455,400.251361717004,303.476290831401,594.42320622853,858.123739703654,283.211973826196,108.102998344707,248.585622332196,1073.15120187862,39957.2100907118,135897.664021645,246415.342774984,146757.70312143,167434.083992433,39985.1003702542,13500.5239596277,11481.6986801003,23566.5158956449,800.008266888265,18172.9433779124,1159.06065686792,3431.82929073548,3375.11656413917,6867.36209808561,7095.94732527096,13136.5865988084,14580.0704529105,2973.92108455278,-0.0659035860338036,-0.111832660736491,0.0211235564712899,"none","DOWN"
"564.9/738",5393.06831270979,541.164783434244,37238.0629136597,2990.66844269426,9427.38289177358,7244.72780028581,1068.72332041489,18451.4993762615,1220.5406884453,1059.29777697322,3140.19288080683,2419.90314372448,2244.45516631531,1314.32074682327,250.019697478468,286.057381239526,664.989494477668,801.54600018387,26954.6477358042,62217.6375115042,127858.336555391,123677.276764747,147516.613516304,114569.385837183,55889.3049899939,5767.66001827755,24533.0245233966,45820.1608049439,10012.8276012199,29158.7238234984,6481.89853938159,16877.893626006,18946.1393398404,8742.29217667716,14185.3713858291,55443.1496558242,57949.8241387353,7439.40873142663,-0.0613100225586537,-0.100833754975234,0.0347587149296741,"none","DOWN"
"593/1355",1088.58160400065,1870.1630600698,3013.70828718736,1932.90988946481,857.923205722065,1081.1548573469,1280.84254624997,1585.48188207555,314.242464018547,324.39379573823,885.632946499103,665.312741489121,1325.85498980875,185.710626214044,111.890414938272,124.36016917604,83.3475564331748,124.463769308641,82429.884112294,9980.62477073465,83183.703948724,25197.494777564,26581.7367333009,38528.383346445,18018.2050245345,10119.3276315332,8244.28353564055,29140.4581843278,2034.67908174282,13191.7431538307,1428.03195057329,2630.08436879508,3209.30716037052,1464.05437254166,3561.37772591359,6681.17049675019,7126.59398088812,3217.89230092516,-0.0752831829105061,-0.096078727437889,0.0382869712952741,"none","DOWN"
"595/1326",3868.97390139225,3691.57696831144,11259.3173883321,2909.98068527286,1450.09589962554,1616.42161925463,3629.71773559158,1067.96075512932,842.965250566544,225.725413435769,1369.78825011849,1475.91472960787,14329.8418906395,1045.62504034385,390.912745262989,401.349099554587,157.496506468451,16414.4400227979,19271.8292060948,28118.6840144121,13189.3747473516,40640.9718278865,9450.67480495898,19483.5980362887,31937.82223898,102340.760796326,38125.6519981369,28831.2631507674,6807.93874766815,84001.8925969064,5108.63815335324,59165.1317242442,21425.0945393091,30435.7664611774,4095.56396597199,12772.9854265882,9555.30925091763,88209.6795382269,-0.0439464557053362,-0.101257067708951,-0.0699537847122614,"none","DOWN"
"635.7/1648",1163.21989520453,1544.01600514927,17107.054082814,1170.79380597673,1305.32507764028,1339.50100898417,972.454529329384,1832.70642452145,519.655835731369,888.726997135536,1420.05869021675,516.973996456658,855.514434413519,741.317807301797,291.984241439632,730.274548455141,572.820404843893,487.68878629545,15806.7160228729,12982.7372088372,6897.83936758115,32419.6301892258,44756.5967575053,17607.392583584,19750.2751686855,7155.8878945814,13305.0591346045,15165.3916752526,4194.20642588194,3982.89473913158,4047.38372434657,8546.20891693656,4009.75933334767,15261.0410042186,10681.2859862688,23428.8250371607,29659.0408961354,4493.5129133554,-0.0453450828110264,-0.101598428643989,0.0217518595036416,"none","DOWN"
"650.9/1116",602.724100602092,512.492126327852,6391.4397743548,602.798012764833,277.637784406194,354.004878692504,835.43920322691,557.522037958178,270.882409466605,156.340536877513,629.897816829267,291.97826218841,344.624681385855,274.930226598651,116.468598508975,51.3318485501222,25.6659242750611,25.6659242750611,51805.5220442862,17820.9396971537,52528.8657064752,58446.0511052122,23702.7914178477,20530.6430542238,28018.583047851,18551.7185415786,2237.20885500757,20850.5104713796,54922.1416809021,4062.16891456686,20328.4114059082,2577.59206691141,1072.34114335952,1508.44526648735,275.40467087357,2539.32807986658,2855.57856186867,7832.70711124163,-0.0707888386496292,-0.101772160720394,0.0455197719267315,"none","DOWN"
"662/1545",138.13656884071,2305.24019237841,6709.10842156882,130.582748790621,508.039197274949,453.020642236923,1203.66586974525,305.18788434587,127.103705449899,179.94880362344,401.513573000208,52.2611634205969,255.614617165702,222.091709437838,78.0625823449809,68.3178027596732,59.2566646272899,75.5410591888649,33799.3378776476,12217.1212494931,110758.414540126,37763.6271961791,38493.5782062478,22480.2614736553,23859.447379536,30049.2078150376,5094.11397851989,10002.5148704332,340.180755033158,16409.5907310387,358.980663683485,3419.74948348332,2520.65699026894,4086.14026346966,401.371757952606,9203.67737687065,8703.13368318288,3836.65918636706,-0.0779842957203612,-0.107437435621417,0.0241515262241032,"none","DOWN"
"677.4/1934",6172.95542112167,7236.59146362846,119396.010792078,24432.3908244436,35146.0541950141,28435.5771498522,2996.06850552204,3284.70598784611,2466.39712599479,24333.6681023089,59588.0462039961,13893.3688802046,45845.242245486,4104.2145172914,1464.78463809495,4632.71911044401,2866.22468702617,20761.9250852793,655505.024263113,1286547.09283455,341634.470520979,1180110.84833786,1300505.03659321,2582032.72217085,772427.451239512,1234534.61084097,1211545.74976094,1731334.40558794,123073.710771204,142277.92822006,105447.695801108,53674.4243772759,84549.5175237228,41559.4117363722,42996.0274214611,40507.0418393125,38615.6035074056,71918.560197178,-0.0754359459958772,-0.102905427553186,0.0116814152457529,"none","DOWN"
"688/325",2368.75038108706,26535.6513388414,52294.6441016013,2229.14856571732,1259.60722060658,2028.75855557316,19512.0490898939,7396.9109895149,1860.99389759194,2564.33865882298,15526.213257249,6304.83750145415,9064.38126165722,3510.61644300288,1673.09302494137,6733.0982146374,7390.30743132507,6390.6318153903,72564.9290636806,80524.8727462032,96507.8685909076,131549.308395806,116583.127843569,75588.5918651811,72344.6099332561,82885.6012563474,57334.6336537327,70289.3959858447,13917.4084100415,148932.628050948,16532.4240771298,48242.1423508984,13682.7566152288,48580.8071553876,9510.01426124916,74180.6587049952,95811.4107537375,83787.0786031471,-0.0396481218026057,-0.094566721636151,0.00353169117281672,"none","DOWN"
"692.8/326",735.754892133354,1653.97644057333,2576.53989382706,717.272325753782,450.48042786556,473.87248645495,1062.66140267331,2189.94481583731,1064.07334312577,486.159134118611,1760.70249397511,588.599562587388,660.347340114725,620.031291436301,455.749200826648,1022.93125266476,547.303817496635,162.653328316907,22289.9649829067,15836.6088105139,23354.4698016762,57656.9631165996,16649.0485781859,11676.3591872975,30633.035393161,10325.6281912301,19041.2981297489,5406.23078690332,4964.68022229496,85871.8599236023,11470.3097014157,32895.0822355095,24113.4671973362,9082.55155638065,10825.4406805574,33656.4270203378,45584.2652237984,24286.3337240389,-0.0204315758768719,-0.122740431191643,0.00788738153013542,"none","DOWN"
"758.9/1489",515.779256402405,241.411599979133,892.015250682529,577.559748339659,381.412447679788,461.540928511415,215.745240482337,70.2642384744831,76.5862310768708,188.996310020961,126.585163510432,132.737123775542,126.035754879558,68.0444110949688,30.4151400534491,60.8302801068982,78.3659507445991,226.572066035122,21552.5597291428,8865.66958916956,15026.234310528,7888.78270352876,6844.77053733047,11568.7848237628,13189.6436130973,6695.69035472581,11774.5828715868,6219.70815382479,1730.97243201919,4488.36302459193,4167.18159732409,14550.5477175892,4546.98549061043,4803.58837876818,1721.27338268967,4545.48819867664,4153.29876593303,1285.07188091257,-0.0530501940640204,-0.124850787454785,0.00896809272029642,"none","DOWN"
"805.2/2198",2006.34571125254,668.621179229231,3921.4331945926,1319.88075107656,2362.99039940728,1122.99231470557,496.722003759816,869.566318179248,117.018061290379,651.689427464386,1983.75238643214,683.230805851053,655.615069556225,353.216288122348,193.523581777699,455.528507171839,362.567250799388,312.021766810154,35514.2567293656,166358.859591383,172436.473575759,109101.052640911,224105.459438672,297709.144055865,106772.357920797,80639.3530015598,172115.069875995,224696.444754933,8236.8949011242,4354.07811608836,4628.88826816762,7334.73941455776,8094.35210794676,5326.02136020723,2471.41184010555,2134.89918801311,2155.84951098338,1220.43306848122,-0.0873639242233145,-0.101525835855751,0.0374863016038228,"none","DOWN"
"821.1/2109",315.251471836918,75.5243163974335,441.428740102266,406.252070644072,252.142516282853,196.166420230176,436.830973467728,28.0872907999903,138.445915155246,256.234779121005,439.369606597378,74.1184633548504,210.151538111766,143.42821708275,134.285199835338,56.1745815999806,65.6531757849402,70.0426751327302,6873.83175295691,22250.2576087824,20636.6554882529,13090.5382964864,7523.8714571517,38431.7775411065,7749.46896896437,6549.4082127391,35484.3596760863,41289.343097279,3195.59695340493,609.998068602057,1291.85991404372,1413.34605001911,1827.07568022838,677.105515977019,406.448015423218,410.383699866779,298.474932095584,216.733146058928,-0.0741112727681881,-0.0921284490808382,0.0405694440255585,"none","DOWN"
"839.1/1860",124.147056285292,82.8792194500566,1009.65267654125,152.947019744315,224.296199836535,203.453557257121,271.882952224987,31.6597806410864,132.113574884366,207.543832834228,616.199207464844,31.6597806410864,351.82554630811,31.6597806410864,63.3195612821728,31.6597806410864,220.909216096799,31.6597806410864,53450.3027184485,42780.8220847385,145846.167953688,96180.105732669,200459.394072559,199612.336129551,58868.9646501098,46695.5451314859,41405.9599056887,112413.490956219,1899.88743065856,11700.5520461139,5239.17194178247,6921.8318021711,6371.76870876858,5861.98473977455,4388.40459345363,12753.9575646109,13167.7964108607,5993.86965971775,-0.0672345177435402,-0.146403057892231,0.0382951082498147,"none","DOWN"
"839.2/1789",206.395457264936,178.757488139067,5072.10056867134,860.063160658876,323.02245612368,376.503906328355,34.1037467665349,327.087916471064,68.2074935330699,536.807824379997,1503.61800470122,282.053957189433,653.124549366534,34.1037467665349,34.1037467665349,34.1037467665349,75.8870052598417,256.460468121711,86009.6221671428,51444.869725892,153357.925404195,155369.41125133,238271.755816997,245926.185076803,85566.6320588114,53565.3343227933,66563.1908081017,180437.897397067,3877.48268173006,12859.6598119028,5798.56372360718,10750.3678772667,11237.2447291437,8979.24012585599,3966.38580057852,27023.1601120565,24201.0024508485,7501.92262652485,-0.0706836717411064,-0.146088288624406,0.0350373273609399,"none","DOWN"
"841.1/2165",823.877083256743,364.581363604714,1422.00308167621,281.650406442386,155.816536866962,555.411268645358,361.14624566325,504.651488870088,214.80062660831,61.5702535393403,519.271356151336,136.13676383843,69.5475286385044,157.239071380739,77.3718621698208,72.5566373588517,56.5522936560018,67.7603621612254,4542.29728025649,47060.2133524911,50061.1029905562,27660.1933676068,23110.1598203224,51946.8002467989,31275.6453406842,30356.137625064,59367.1130259028,30715.2422451013,6403.52999710757,3179.14639447919,3904.1841749134,2888.93294766276,4131.67990369909,1683.10716810411,589.958198596258,1253.12849762286,1057.07129726761,865.333057824522,-0.0778590136066469,-0.107842327132139,0.0199348534058508,"none","DOWN"
"875.2/1757",356.251909431885,159.980763905123,671.007488389238,229.716880333261,159.712855790276,268.603912347928,47.1948200330759,22.6772914555841,70.2228477165336,230.540693052695,822.044804606179,148.843276123571,45.3545829111681,181.189435364446,147.718843413517,56.6094929800311,22.6772914555841,86.842710365355,6038.75284322165,16866.9777571329,22797.4131625437,28480.5890474219,25016.1979299117,42502.6518395119,17399.3521932299,16279.0616830696,21176.7423601745,20144.8696977869,3440.78313040989,3782.40997327599,5288.13399622275,3189.79676526075,4889.52899478294,2679.9109952086,1065.00255002873,3570.99301672424,4241.40490438964,2190.29230996966,-0.0556438298415138,-0.128871660306383,0.023376863021788,"none","DOWN"
"891.8/1783",53.0541441785172,361.792632786324,8534.00965160307,214.918106580502,514.211277491139,450.336744903642,82.5268350761274,265.117615046144,237.374293876593,133.505812654381,394.889753283467,103.10154482547,139.990886637722,124.53834615467,129.787506881006,163.515233402551,45.9204184180263,130.159180494573,962.214451840887,18061.146273728,15965.4764264205,5897.27939899857,7931.04212497525,14215.1699552083,19667.4286793017,15163.9136026731,15406.0839688098,17992.0510176263,10288.2817295256,8031.38061094262,5514.74195210553,15595.7773003768,3800.87601162247,6850.1019399113,247.65798293349,462.921222223613,491.273924980002,4501.16151158328,-0.0558629104644505,-0.107598842415443,-0.0165345456200424,"none","DOWN"
"1066.2/2008",41543.0203194749,37967.9256284637,9343.58386132519,21047.6867970159,20194.3530071842,17825.4104037964,34246.8034965568,9128.8910250121,19184.5748157652,2472.61963904899,10210.7590108877,22991.3477878248,9966.77128196113,12564.2746149781,8910.32446132102,7408.51766635835,6982.57584072,5897.67691282309,6186.24283824737,3897.92488543785,1144.63128765338,321.389431327116,303.667632329278,1871.2131151068,1307.94212545667,421.419605717227,2339.04113427363,1879.26547106273,6109.91567981528,189.079081038013,855.822503266158,563.549994742498,258.395711223211,32.9409356594551,344.27645591597,65.8818713189103,193.261031166301,598.930066982722,-0.0189636660479952,0.124189731286869,0.021442996417561,"none","UP"
"1076.3/2007",35607.8542094266,40167.8694324688,10196.0055000717,19381.8091152242,23443.8941619867,18461.1996960828,37439.6827634104,8625.56847302819,12652.6430693862,2693.37692640338,9541.90545816971,17822.058477355,7803.57544259277,9905.35881701658,8707.25634150801,7136.9906586401,7028.96066928201,5473.31436252611,5555.57817289027,3704.52665979955,1101.52260568158,35.6151646671972,199.972402585001,1626.90251809359,811.568787822108,153.379602812201,2025.62933355138,1157.53511584153,3899.39326939837,343.528018683319,451.462875567377,386.27575579111,468.50441797624,71.2303293343944,35.6151646671972,35.6151646671972,71.4481229281053,359.020923849312,-0.0173022314154776,0.130440559278798,0.0163767732525834,"none","UP"
"1078.3/2050",34810.3406205003,512516.473503369,245447.29056854,323671.608938257,361132.433339464,260367.682675367,539086.031938903,173304.001275283,190536.119955808,40735.9072717447,146003.894086155,177212.647789333,102194.000845019,104412.104402805,163320.241102014,105334.402629319,103908.627102895,78821.5184676311,5270.55287878851,99990.2583633143,31575.9193102632,9328.63053199703,7679.85259021841,49694.9631721178,18519.2227524097,18272.6115822782,67158.4442448902,60488.5414076789,60095.3315579109,12351.3011285676,14308.741534396,15717.7017778513,7205.36307768567,1429.82496423787,161.090240617516,290.795694658779,117.287251559963,10559.0580538083,-0.0375331531382536,0.118877770248103,-0.0192803882317862,"none","UP"
"1078.6/2049",34007.5502729399,509438.991829818,244814.500222313,362250.813505157,357619.151274302,287597.770692419,534484.103691525,170399.693037309,211296.159187129,41452.8648610556,143769.402537521,221537.991337603,100446.102636753,101133.67938765,163925.299276735,101972.56431915,101191.121301185,78794.0170523982,5128.57479715968,94317.8875445341,31083.2618916756,9204.90595936982,7491.01865593033,47262.8642866719,16333.8751365143,18029.6452244714,65607.8239768954,61441.5850546104,59380.1555549583,11977.4774658363,14108.6341826991,15599.1778601328,6702.14435968734,1376.61481173166,223.62083919549,291.81518554756,159.395809856554,10566.0984328672,-0.0361935059843043,0.11962543150498,-0.0195684914631438,"none","UP"
"1136.4/2038",113803.903811948,72994.8724460624,45745.544140049,60808.5473359062,54371.9538262956,67111.0356907786,85635.0747055624,92624.5895566712,49731.4917240414,34932.0960921314,69208.5119997489,54288.0894909486,21740.2932938769,57458.2612415286,26653.9994060877,45514.4732922006,47903.9106199549,21431.746881267,683.564067966648,11487.1356569,1420.01521071488,1143.95994021447,613.891614253584,2325.14948330345,1529.32681140723,1215.92436345757,4075.75239962638,3379.88044422311,9947.48191430282,865.562457264892,2164.45467525721,908.774359264256,790.037349049235,519.946660263671,110.932071122905,221.864142245809,110.932071122905,1003.03826787766,-0.00757938064321571,0.141974023958966,-0.0115511834563325,"none","UP"
"218.2/1007",21581.9084687721,14264.174702571,17621.5804938593,6486.80858728488,17218.3509709348,27371.2402014916,20719.1795343965,30150.0064703426,15629.4274183211,14708.7009057859,20988.6813737819,17258.3510933015,13612.911408543,14943.6507607193,13451.3631508267,12325.0114922758,12184.5903811736,6927.19452875512,3292.16516244811,21340.5131264582,4609.5323250785,1259.20161135039,8150.63330459333,2852.65246510545,6192.00810935328,3567.68427409313,5921.93415872163,2451.15550444144,7450.89280080274,454.479350980864,4375.50990459323,1456.37790742355,1920.64532039617,854.342454037807,2268.40911218291,661.507912628411,1015.79408494171,74.7409948610071,-0.0153721437163423,0.0919454159402906,0.0440460498156243,"none","UP"
"220.2/1255",51067.6194235236,68167.9302530225,57251.3543001347,79834.5319550355,62562.890861162,63078.0664231483,66032.6209312572,20513.0607162752,11022.6764331285,16073.7290006842,23780.8194101196,19738.5233222478,34234.9301122795,28924.9530611947,6831.75407710358,10233.1741419409,10924.7402443644,24034.4667123993,3261.47932825843,26042.9608665726,70693.6414843459,20395.7878363707,6756.90759402638,38914.0919998556,10643.8548750589,45189.8918513313,10509.7177142675,25674.9624998284,9810.41552248752,5600.95566235943,59.2712682843208,4145.64984859811,60.1195951589487,613.155174048152,139.235344796414,173.039345754065,56.3038967881585,2768.14332858441,-0.0751834509042028,0.0963066058013938,-0.0121235000926098,"none","UP"
"223.3/1076",108257.603680076,159230.859584871,93513.1458230156,178643.447931867,167372.078402061,155766.274773516,161941.20818992,56383.747977135,13672.978698418,24282.1904732681,14742.2939643078,30887.4048486991,14622.5508520018,57161.5375862901,24565.3215182566,37066.7825913017,38436.7565010969,3631.12931632809,18805.1295043371,9106.57872062187,8321.54998696152,28080.3193018374,25276.1018934908,8961.94234971656,20159.8928503171,13408.9559687122,6243.98490535681,11450.3594019599,2277.85055564929,61.1773585022115,4188.53196897671,878.96517435527,2047.95504993681,122.354717004423,155.498040696994,4021.45471792901,1711.00041845082,341.399802982341,-0.0570211467387664,0.112956953924061,0.0502091405576948,"none","UP"
"275/358",1250639.89089943,874597.553947359,330911.748372018,703355.541388399,1194869.08357909,1094673.98494162,961889.433851719,1428787.07913179,179103.684478359,545166.167106179,822112.180360298,1087219.43341696,487576.285617339,711769.187644042,471830.963796711,557265.338351157,569053.247722918,418325.530109732,9004.22718310314,302924.189626651,3577.34881542822,19662.5002818177,19056.6382572188,5266.89393946901,43215.8674741643,57085.9171555339,116146.550324641,10337.3209054587,792469.362558478,44834.8820568515,326213.794882628,90834.7167734867,177221.300483752,117916.992569978,217762.495988818,37530.4549004145,37810.3285354736,87078.2245630771,0.0405775233090827,0.0963770133575131,-0.0720923724321732,"none","UP"
"365.7/300",134724.613334046,44036.4455262711,344043.099501659,171563.223685902,166447.560344257,139292.272758273,67239.7676547343,100338.767873619,94471.9805406139,53114.3748865254,68211.9423893754,60524.7758829177,70060.4114155205,7445.11718478346,104656.466274021,92331.9120050641,95416.1106775547,88459.8763603275,30702.4848419501,33544.2719561465,6223.27310670128,2990.33401206997,142802.159878374,53160.9233366641,123201.139017857,5378.54321629105,13508.6997972151,4357.22653963403,3903.06170336693,900.582793800781,2705.51019489496,5515.74657281841,1141.27114855089,1817.06383070284,933.172406059723,9414.24705629798,11380.3725751484,812.849373722052,-0.0369875242805256,0.101415303720924,0.0516380221495977,"none","UP"
"367.6/1473",42684.3972015514,798196.611508256,29206.8030370964,146089.062048371,261022.731173391,291909.88810475,537286.329185942,11643.7920573778,2075.38129170135,5899.87351853222,4297.60914083754,2036.17059492747,181241.547381823,17344.0952640496,5956.18801685105,4699.22206353018,5148.91839143886,13272.8150558477,3592.58922192338,5303.9196678875,6269.65009759694,3698.96901896678,3303.81218645327,7108.17863643668,1976.81527057952,19761.0441974254,963.243840992971,1963.30091007766,2038.52089067704,1471.29835897942,410.735668433721,2230.76253272796,370.207695897276,1563.82541136409,418.739831004447,746.427888454253,641.361733782571,1101.85721588973,-0.0573795885895113,0.108124948716993,-0.0629306395888845,"none","UP"
"454.9/1074",26714.4214228343,101056.974245682,51215.0586649928,152246.782263471,114213.610267096,141094.206053098,91035.5482895791,17916.2109489068,784.955841922253,3796.69852090254,1648.25511070713,4238.9659305051,1397.71926992666,12325.6793606405,3388.7985613794,6509.76958419767,7477.04780013944,775.195715741461,12625.1474289726,589.291195993137,2198.91439413432,3459.91559068486,5700.94304833043,1050.29095840206,1402.85776782129,999.379418505977,723.553345293516,1007.69143350072,357.696831575927,113.859476895537,344.629287298536,318.654668358702,282.655516775014,290.161179660217,266.958325688805,456.906293522167,265.976156176883,195.003879886805,-0.0581039936013147,0.112038873600355,0.0249909962491123,"none","UP"
"495.4/2287",575.60299062108,1476.22374814442,292.511726808548,744.181836290942,52.6793033694301,703.688851613551,397.114000716805,230.278375234703,20193.7962062951,26.3396516847151,82807.5553496869,41615.1034370754,56181.0237350277,62017.1129296347,16720.8738995919,46539.8157823231,35756.4453393072,175.225889667248,67.8366110498901,616.349500435342,421.539096442381,477.548145613944,405.594020664195,83.5329228341579,219.753024191712,1167.17325047205,677.233905285539,234.985572994454,50824.2471346199,26.3396516847151,26.3396516847151,26.3396516847151,26.3396516847151,26.3396516847151,26.3396516847151,28475.4006210235,26.3396516847151,26.3396516847151,0.0284461262162682,0.0919400510527981,0.0532384585165146,"none","UP"
"667.9/1186",4639.69373799664,26308.4862843821,27093.7820682706,24486.5759267341,34278.4684169397,22169.5316204643,18131.4327716306,14912.8492737459,1773.7115814338,2060.6003636905,2342.28034894448,5140.54047180698,1890.52404160502,4519.59227336723,5726.3379232184,4612.36933957413,4747.24461521754,1118.18548046249,7475.08491319107,1414.05593951568,2051.88859549852,5822.16037186678,11493.6342762057,2672.53919079993,2534.16277734719,593.429746837649,823.747810885621,1598.78126459001,357.356319637637,129.192665768089,327.091439771911,176.712015464902,127.957742261883,308.170899159391,126.542001080094,1122.1868826835,503.069348968586,322.078755533835,-0.0594186559599771,0.0969998415585511,0.0513986707806398,"none","UP"
"707.2/1256",596758.121229592,2281837.22264861,1277912.4289022,3640171.11617425,2188367.53592129,1892964.55486142,1874788.70172799,73360.2766946714,126523.350159023,331728.646575656,327303.765496035,266063.295510296,1959971.8045963,911392.549278666,110453.860531375,161605.794162891,181593.875873369,1409829.98135503,4020.20188547402,276118.227240996,2542882.7452114,83566.5535883197,14320.5134704034,650180.516832811,32351.3539273089,858749.903284905,32355.9656999523,212506.732113725,192298.116260408,424891.474714351,13953.4142413687,71362.7228794737,7335.36144680754,36941.7373992831,79.2267600083724,2332.39224865594,1583.87915528431,128898.587791541,-0.0541915778507202,0.102173558987444,-0.0727776131299553,"none","UP"
"707.5/1255",578841.849779445,2225286.38582413,1277078.69601311,3610723.62685038,2170422.80182103,1899350.47656331,1847566.71828878,73302.9745239202,126627.827444994,327649.562670097,325385.450908984,257382.139698383,1935470.08837257,995472.330100613,110351.937399916,160268.43969675,178473.885717312,1380216.61926685,4099.92383393443,280993.933125878,2546786.09721698,83249.7230302241,14265.7981785091,616657.81556078,33563.1299560742,769650.03479393,32364.3786641805,225102.828288299,183706.816185094,388156.051917594,13925.3583678225,71343.8703541469,7311.49643348848,37140.3752889561,79.2650913280668,2329.72028967738,1582.92156755106,135403.348796958,-0.054129475808969,0.102309404027182,-0.0716076625032957,"none","UP"
"714.9/1255",142955.475050771,227976.747605035,211980.312434931,267511.952392227,208963.305037402,196796.826762945,193390.628414144,21097.1393798631,27088.4119682314,75947.2133616253,76144.1553895253,57313.2210510007,198146.768632217,157630.779139924,26671.7877673906,37743.2159582267,43497.0704936574,177005.40060619,1565.77416251627,68566.4727338583,259759.644778846,28465.0672744421,5584.2208631346,141229.419593275,10036.9419935254,148230.977240211,8625.26529713968,50639.0915112623,47916.9904190412,93509.2874142877,2674.17772996627,21024.2055690001,1615.80230763482,9333.01903777116,171.489103924018,342.978207848035,394.117740399327,43034.6353208917,-0.04971526470489,0.0910391108802817,-0.0633292777969296,"none","UP"
"210/1419",673.618597042911,29.3635083091252,29.3635083091252,29.3635083091252,29.3635083091252,29.3635083091252,263.977494626388,441.943107051227,29179.6154880188,17358.6857952353,12684.3124612907,14145.160376103,238.24757183639,16329.9859305653,3052.45558022483,10159.0650338447,9723.18989650051,265.20450104581,254.69906271764,116.439143007156,58.7270166182503,29.3635083091252,62.8904385868022,29.3635083091252,71.6246477080893,67.3020219705341,87.7158340807621,101.802693561596,26346.7770236052,108.013060185182,22917.3699503012,13782.894229358,13681.9341937293,2973.96802523469,2560.5441523603,1857.60815769176,963.573593187961,494.264969526297,0.123421980656193,0.00651968366771553,0.0585400610935921,"UP","none"
"271.1/2121",49.8086273126537,245.486203688546,24.9043136563268,24.9043136563268,24.9043136563268,301.089335883269,151.339750456624,255.837784319068,1815.43906015274,1805.43430166675,8828.41952223697,1049.0698181531,22044.2391284402,12580.4902873819,1261.99102624197,2278.91575260204,1289.15726746188,7633.77672140219,24.9043136563268,24.9043136563268,24.9043136563268,24.9043136563268,86.3077331018798,2256061.36750793,24.9043136563268,24.9043136563268,24.9043136563268,24.9043136563268,815450.159707546,725152.598482826,1220774.01123655,595093.905411005,1270632.16827722,966148.715972124,138083.727953095,7080.01179816719,6189.42360002986,175143.02944044,0.114339104881657,-0.0700255122165461,-0.07891135457121,"UP","none"
"312/1889",41.6189616917529,588.023959133117,41.6189616917529,552.75254375452,2006.23944286016,1104.61592598873,339.600405105499,357.112056872866,85723.4232820737,7752.43211275528,56512.821761983,57904.2866200747,9875.94332318052,123309.776788997,1727.29267877061,2300.03212868562,1673.4999633653,8626.165247553,260.353193707764,83.2379233835058,1221.36585113481,368.683429902833,41.6189616917529,137.405091454932,86.594261503054,1220.77264885698,548.663658884147,137.686256330978,85058.5865364695,66432.9295375954,6371.42922509421,28883.128939016,1669.12121362979,17130.5195529175,5124.18180124012,1037.07083117039,526.044080131894,34771.2037358009,0.0986647444234521,0.00970964501355598,-0.0388597973580734,"UP","none"
"352.9/1298",5574.30100180767,1865.27345794253,162.096827267553,187.192297438392,16662.830160033,14425.2711456977,81.0484136337765,23936.7867024683,18663.3747266082,22957.4784211507,25199.3377831626,18399.2236603993,175303.072736067,44506.2664079281,16642.8179350164,19632.4634127647,18595.1866030882,94177.5843911972,2008.62333286659,310.789106964308,859.053157755245,340.234996899962,379.270909728482,81.0484136337765,7350.50349973049,2488.50109185465,317.738449042042,15671.7562810704,91777.2940316193,40837.9780369938,49511.0552666405,144291.085241253,90062.6016999766,116699.050785281,19267.64819317,79732.3804185332,101968.456897882,158676.620860849,0.110936219104653,-0.0192350537771031,-0.0391252477223747,"UP","none"
"360/2053",449.739180312621,502.618648229057,451.862711487855,82.309845091282,170.69921857272,95.4891822519712,27.878920184914,27.878920184914,6430.41692766712,15462.4728429463,8264.24382404541,5406.06450655224,20686.4416424466,18687.7320597406,19514.966884175,19626.0445106206,17915.1909859745,18438.6662086172,321.34601708129,67.0050735904982,488.931933138331,90.5237060710788,78.3499225831444,60.0918389468846,256.264999727992,196.667705221723,279.963863188565,55.757840369828,15022.8778900019,9148.46964457434,15717.5063310839,11115.2652405973,13500.9208857944,13374.1113882429,15454.8717671867,22227.5347538593,22399.3972658984,11407.6512532432,0.125567449058279,-0.0180148438207443,-0.00139920958936736,"UP","none"
"371/1646",471.107686274192,2671.04125775331,284.309158496908,762.623224533656,5707.64070692494,6196.3923558034,50.5270949747517,4021.58700110435,17048.5168567229,6650.5537015244,18946.0319833353,10907.6133705912,9047.96962595381,12542.6377479496,14580.8017226188,12079.6284506596,9357.53607879042,3667.88608679292,520.83788027631,557.804159853113,321.092663085449,226.835101535835,374.319204579573,186.225791248027,324.108905943111,485.919634612394,338.324862606009,326.014228648273,10057.5197513878,4413.6110034811,9714.60417600548,6529.78300558447,7276.91897777174,3375.64842469892,4469.88529668299,5610.25852569078,4826.52725490933,6535.88827678643,0.0953145539522068,0.0269931735198228,-0.0130137713157967,"UP","none"
"401.1/2324",981.176306727452,2620.83918589069,801.478330611135,859.720073445183,172.15441546885,1104.07683976159,1031.78907810097,1638.93591710854,21015.1684248164,24883.3171297607,15072.8530765561,11622.4044575579,16670.7613963458,26183.8927826461,42212.5581292551,24081.6871779426,30040.1964447288,8743.83565951791,389.469507568023,1505.02262381541,354.710721903562,901.83519461425,571.870161555707,841.0222279579,977.370148440823,1288.06134757093,2905.35470478483,873.004280879874,19571.7627223008,16698.5652502379,24217.0927845731,19696.2595054434,26520.2127158383,11067.6500919156,19113.951415795,19018.6759625094,16076.4745921206,26945.6236768419,0.10523936375919,-0.00666759983916645,-0.0283002775261781,"UP","none"
"403/1620",670.939834176508,10837.9230691856,54.6144503341604,378.853100374889,1802.62837229932,604.241246697082,937.054522878545,11898.2401766013,20015.714341984,10529.7866694385,34790.49059995,27691.9923267149,14350.4705218673,21861.1045526758,12937.9083849057,11029.8906132024,9659.46153680887,9324.54575469578,244.400778669398,1459.95522293755,150.08559440961,236.259186716093,364.388595027575,119.718657920521,146.01312684454,4739.18746394303,27.3072251670802,308.859980909866,28343.9026330436,4591.75432225804,15544.7800972593,4330.76783102258,14994.3816881932,6358.74628528414,7684.80446928077,11890.4745517555,10158.6244076345,13688.4205620831,0.10594257322671,0.0273604815642965,-0.042777377699787,"UP","none"
"487.2/1715",310.566659709986,35.0840137213989,174.632000695257,35.0840137213989,70.1680274427978,109.422594298006,35.0840137213989,605.336774323136,20401.7848044967,24664.5724998328,11319.8991435988,46290.4555161039,45010.5163672885,50061.8567081739,42957.534902748,42803.0936028929,40053.3284712193,17462.5414586221,182.186541373624,170.468392409792,684.24179870546,186.28192081023,263.127820107678,405.727751567203,160.452358037001,97.5938523267396,366.53432131293,368.338991604828,15219.0633327206,28210.3779744552,49242.3732836511,12977.9801162836,41601.8609970491,22582.6013588169,19966.8969990724,32124.8177156336,25724.915064103,29980.7769415485,0.132742171442342,-0.0259958919691348,0.0176935882690052,"UP","none"
"495.2/2285",1532.30916825851,2420.57041923132,1022.16002873879,1136.3463782552,1021.82082712092,1319.69149791269,1185.25446036633,1286.35596884524,19963.3527719247,79031.6522653262,83050.2102758253,41832.1766558522,55862.7904352449,67494.4592192432,37300.9861870605,44948.6595906025,44190.3001695653,31732.3769748424,685.552238163812,893.027707107146,1167.74103494671,1242.9232873593,1214.55732583068,778.99153169639,614.335059663281,2267.96965702251,1015.09770551673,470.117162510753,53122.2906457272,16273.4519213822,25939.1465325989,36209.0229251377,23836.5478070645,25598.496675131,9543.75988155417,33589.0182932692,34341.7721951285,15161.8697411936,0.108577351402214,0.00907734242553398,-0.0105501119017646,"UP","none"
"497.1/1715",38.7109076061461,116.725865981596,327.242470639593,191.240562136285,20312.6988562516,4285.45532841542,134.276866154636,82901.2153557196,47754.0805380298,21034.7480478527,55919.2813463057,31641.3886608983,27970.7616554631,34714.033489329,37471.749710124,34113.6943570996,37057.4516439138,14504.0488773486,446.386764240948,299.496558521546,427.363608467885,458.333844050649,151.164659056289,247.282956811599,140.341019070789,318.313516201342,323.882225422134,534.494391180575,33379.9285889136,15440.5240222048,29631.439942168,18696.2182807425,21875.1436074867,14517.9081627442,16816.7439000139,22023.3833816538,16164.1048663408,17336.4287775779,0.116640415722726,0.0127983103240827,-0.00287064725074108,"UP","none"
"580.9/431",20069.5929378721,424.304388366545,5354.97333788228,128.483469654651,187.45518452684,974.435035865676,38.7774078685657,22804.4711127014,182845.456615109,89316.8168162643,42916.8585850153,107012.445976303,3226.9254717812,58206.1460504776,9796.18142760588,23433.8298191336,23447.9074298512,1277.68120387273,172248.665300687,1158.06941659433,18033.5420077381,451.038664087484,1522.24742370202,215.821122425276,19917.2626062454,77.5548157371314,8948.42878345683,6844.94444416531,141284.830938375,11501.1616461957,115747.162400785,195952.625736701,356149.833881168,31568.4612520376,76331.299306,91115.420008211,83067.5182280656,4193.63976371839,0.0980671219741763,-0.0479008864092067,0.124152783053157,"UP","none"
"585.1/715",65793.0980794318,178.789916652695,1299.97112806626,217.613733276686,826.788503713906,2640.75187087769,588.898436189923,87410.0386930232,53339.0207245946,188431.262782771,310172.878345385,252405.213454677,11441.8504654361,231333.515263393,47522.8268408974,24468.6078081439,24089.4602267809,10684.7985554118,49600.032593611,1349.37315849689,4497.87270096743,1240.8757065574,1393.42616987816,699.876210212708,13259.450798882,335.108527446735,9717.19537828774,23047.1131832489,325595.539094306,2920.49164491103,184293.872694283,86760.8158318717,101535.3487376,14575.2383435442,33820.413239483,46484.9690544082,29261.8011157997,2742.60361113671,0.0972421179326449,-0.00933435017123482,0.103855415480085,"UP","none"
"660.9/940",34403.9633818612,3839.73119532492,743.486598640521,27.7064783190083,619.022880930748,2318.67983302769,9857.90149907498,97612.7570646429,170082.071891856,87953.5961263124,118103.6272782,144898.102849359,14082.4323612878,165781.846799018,17733.2624670922,21008.9374118386,24571.8448123351,11427.0893396411,128192.967257562,546.22023816728,7566.58353766013,55.4129566380166,1054.89278014198,495.846757291292,42680.6218384026,58.6172645352781,10539.404490745,42166.0250720009,108908.806402486,9195.34165947019,100182.450630317,68223.9727224739,52197.4740562345,25017.6621981939,25940.8550959332,79182.5832759921,54438.7303614164,9171.97404088857,0.0982224609191408,-0.00528012231663039,0.0982091263536257,"UP","none"
